horizon,ic,ic_p,ric,ric_p,hitrate,n_days,n_pairs
1,-0.49998338705039125,,3.2049378106392736e-17,,1.0,1,3
5,-0.2773458447182662,,3.2049378106392736e-17,,1.0,1,3
10,-0.49761584744307763,,3.2049378106392736e-17,,1.0,1,3
